{"\u0411\u043e\u043b\u0435\u0432\u043e\u0439 \u0444\u0430\u043a\u0442\u043e\u0440 7": {"r2": 0.8133187682317258, "features": ["\u0411\u043e\u043b\u0435\u0432\u043e\u0439 \u0444\u0430\u043a\u0442\u043e\u0440 0", "\u0424\u0438\u0437\u0438\u0447\u0435\u0441\u043a\u0438\u0439 \u0444\u0430\u043a\u0442\u043e\u0440 0", "\u041f\u0441\u0438\u0445\u043e\u043b\u043e\u0433\u0438\u0447\u0435\u0441\u043a\u0438\u0439 \u0444\u0430\u043a\u0442\u043e\u0440 0", "\u0421\u043e\u0446\u0438\u0430\u043b\u044c\u043d\u044b\u0439 \u0444\u0430\u043a\u0442\u043e\u0440 0"], "best_params_": {"n_estimators": 373, "min_samples_split": 4, "max_depth": 18}, "r2_test": 0.9003935388824461, "MAE_test": 2.1203118894807913}, "\u041f\u0441\u0438\u0445\u043e\u043b\u043e\u0433\u0438\u0447\u0435\u0441\u043a\u0438\u0439 \u0444\u0430\u043a\u0442\u043e\u0440 7": {"r2": 0.891006712702545, "features": ["\u041f\u0441\u0438\u0445\u043e\u043b\u043e\u0433\u0438\u0447\u0435\u0441\u043a\u0438\u0439 \u0444\u0430\u043a\u0442\u043e\u0440 0", "\u0421\u043e\u0446\u0438\u0430\u043b\u044c\u043d\u044b\u0439 \u0444\u0430\u043a\u0442\u043e\u0440 0", "age", "\u0421\u043e\u043f\u0443\u0442\u0441\u0442\u0432\u0443\u044e\u0449\u0438\u0435 \u0437\u0430\u0431\u043e\u043b\u0435\u0432\u0430\u043d\u0438\u044f bin", "\u0411\u043e\u043b\u0435\u0432\u043e\u0439 \u0444\u0430\u043a\u0442\u043e\u0440 7_predicted"], "best_params_": {"n_estimators": 90, "min_samples_split": 8, "max_depth": 14}, "r2_test": 0.9367265085260074, "MAE_test": 2.676656081187332}, "\u0424\u0438\u0437\u0438\u0447\u0435\u0441\u043a\u0438\u0439 \u0444\u0430\u043a\u0442\u043e\u0440 7": {"r2": 0.9084681176653442, "features": ["\u0424\u0438\u0437\u0438\u0447\u0435\u0441\u043a\u0438\u0439 \u0444\u0430\u043a\u0442\u043e\u0440 0", "\u0411\u043e\u043b\u0435\u0432\u043e\u0439 \u0444\u0430\u043a\u0442\u043e\u0440 7_predicted", "\u0411\u043e\u043b\u0435\u0432\u043e\u0439 \u0444\u0430\u043a\u0442\u043e\u0440 0", "\u041f\u043e\u043b", "\u0421\u043e\u0446\u0438\u0430\u043b\u044c\u043d\u044b\u0439 \u0444\u0430\u043a\u0442\u043e\u0440 0", "\u041f\u0441\u0438\u0445\u043e\u043b\u043e\u0433\u0438\u0447\u0435\u0441\u043a\u0438\u0439 \u0444\u0430\u043a\u0442\u043e\u0440 0"], "best_params_": {"n_estimators": 111, "min_samples_split": 4, "max_depth": 17}, "r2_test": 0.9378836814887413, "MAE_test": 1.4324409230659234}, "\u0421\u043e\u0446\u0438\u0430\u043b\u044c\u043d\u044b\u0439 \u0444\u0430\u043a\u0442\u043e\u0440 7": {"r2": 0.9267874791568428, "features": ["\u0421\u043e\u0446\u0438\u0430\u043b\u044c\u043d\u044b\u0439 \u0444\u0430\u043a\u0442\u043e\u0440 0", "\u041f\u0441\u0438\u0445\u043e\u043b\u043e\u0433\u0438\u0447\u0435\u0441\u043a\u0438\u0439 \u0444\u0430\u043a\u0442\u043e\u0440 0", "\u0411\u043e\u043b\u0435\u0432\u043e\u0439 \u0444\u0430\u043a\u0442\u043e\u0440 7_predicted", "\u041f\u0441\u0438\u0445\u043e\u043b\u043e\u0433\u0438\u0447\u0435\u0441\u043a\u0438\u0439 \u0444\u0430\u043a\u0442\u043e\u0440 7_predicted", "\u0424\u0438\u0437\u0438\u0447\u0435\u0441\u043a\u0438\u0439 \u0444\u0430\u043a\u0442\u043e\u0440 7_predicted"], "best_params_": {"n_estimators": 191, "min_samples_split": 4, "max_depth": 20}, "r2_test": 0.9650840276017834, "MAE_test": 1.3999015727582487}, "\u0412\u0410\u0428 7": {"r2": 0.8419329015355506, "features": ["\u0412\u0410\u0428 0", "\u0411\u043e\u043b\u0435\u0432\u043e\u0439 \u0444\u0430\u043a\u0442\u043e\u0440 7_predicted", "\u0424\u0438\u0437\u0438\u0447\u0435\u0441\u043a\u0438\u0439 \u0444\u0430\u043a\u0442\u043e\u0440 7_predicted", "\u0421\u043e\u043f\u0443\u0442\u0441\u0442\u0432\u0443\u044e\u0449\u0438\u0435 \u0437\u0430\u0431\u043e\u043b\u0435\u0432\u0430\u043d\u0438\u044f bin"], "best_params_": {"n_estimators": 151, "min_samples_split": 2, "max_depth": 20}, "r2_test": 0.944044370361947, "MAE_test": 0.9946192052980132}, "\u0411\u043e\u043b\u0435\u0432\u043e\u0439 \u0444\u0430\u043a\u0442\u043e\u0440 14": {"r2": 0.8982274184749656, "features": ["\u0411\u043e\u043b\u0435\u0432\u043e\u0439 \u0444\u0430\u043a\u0442\u043e\u0440 7_predicted", "\u041f\u043e\u043b", "\u0421\u043e\u0446\u0438\u0430\u043b\u044c\u043d\u044b\u0439 \u0444\u0430\u043a\u0442\u043e\u0440 0", "\u0421\u043e\u043f\u0443\u0442\u0441\u0442\u0432\u0443\u044e\u0449\u0438\u0435 \u0437\u0430\u0431\u043e\u043b\u0435\u0432\u0430\u043d\u0438\u044f bin", "\u041f\u0441\u0438\u0445\u043e\u043b\u043e\u0433\u0438\u0447\u0435\u0441\u043a\u0438\u0439 \u0444\u0430\u043a\u0442\u043e\u0440 0", "\u0412\u0410\u0428 0", "\u0420\u0438\u0441\u043a \u043f\u0435\u0440\u0435\u0445\u043e\u0434\u0430 \u043d\u0430 \u0433\u043b\u0443\u0431\u043e\u043a\u0438\u0435 \u0432\u0435\u043d\u044b"], "best_params_": {"n_estimators": 70, "min_samples_split": 2, "max_depth": 20}, "r2_test": 0.9428522933926046, "MAE_test": 1.4464285714285714}, "\u041f\u0441\u0438\u0445\u043e\u043b\u043e\u0433\u0438\u0447\u0435\u0441\u043a\u0438\u0439 \u0444\u0430\u043a\u0442\u043e\u0440 14": {"r2": 0.9194707422717765, "features": ["\u041f\u0441\u0438\u0445\u043e\u043b\u043e\u0433\u0438\u0447\u0435\u0441\u043a\u0438\u0439 \u0444\u0430\u043a\u0442\u043e\u0440 7_predicted", "\u0411\u043e\u043b\u0435\u0432\u043e\u0439 \u0444\u0430\u043a\u0442\u043e\u0440 7_predicted", "\u0411\u043e\u043b\u0435\u0432\u043e\u0439 \u0444\u0430\u043a\u0442\u043e\u0440 14_predicted", "\u0421\u043e\u0446\u0438\u0430\u043b\u044c\u043d\u044b\u0439 \u0444\u0430\u043a\u0442\u043e\u0440 0"], "best_params_": {"n_estimators": 50, "min_samples_split": 2, "max_depth": 9}, "r2_test": 0.9503249872121362, "MAE_test": 2.7875}, "\u0424\u0438\u0437\u0438\u0447\u0435\u0441\u043a\u0438\u0439 \u0444\u0430\u043a\u0442\u043e\u0440 14": {"r2": 0.8626238977699731, "features": ["\u0424\u0438\u0437\u0438\u0447\u0435\u0441\u043a\u0438\u0439 \u0444\u0430\u043a\u0442\u043e\u0440 7_predicted", "\u0411\u043e\u043b\u0435\u0432\u043e\u0439 \u0444\u0430\u043a\u0442\u043e\u0440 7_predicted", "\u0411\u043e\u043b\u0435\u0432\u043e\u0439 \u0444\u0430\u043a\u0442\u043e\u0440 14_predicted", "\u0411\u043e\u043b\u0435\u0432\u043e\u0439 \u0444\u0430\u043a\u0442\u043e\u0440 0", "\u0421\u043e\u0446\u0438\u0430\u043b\u044c\u043d\u044b\u0439 \u0444\u0430\u043a\u0442\u043e\u0440 7_predicted"], "best_params_": {"n_estimators": 70, "min_samples_split": 4, "max_depth": 13}, "r2_test": 0.9173871594334865, "MAE_test": 1.3636079223356008}, "\u0421\u043e\u0446\u0438\u0430\u043b\u044c\u043d\u044b\u0439 \u0444\u0430\u043a\u0442\u043e\u0440 14": {"r2": 0.9169848273288813, "features": ["\u0421\u043e\u0446\u0438\u0430\u043b\u044c\u043d\u044b\u0439 \u0444\u0430\u043a\u0442\u043e\u0440 7_predicted", "\u041f\u0441\u0438\u0445\u043e\u043b\u043e\u0433\u0438\u0447\u0435\u0441\u043a\u0438\u0439 \u0444\u0430\u043a\u0442\u043e\u0440 14_predicted", "\u0424\u0438\u0437\u0438\u0447\u0435\u0441\u043a\u0438\u0439 \u0444\u0430\u043a\u0442\u043e\u0440 0", "\u0411\u043e\u043b\u0435\u0432\u043e\u0439 \u0444\u0430\u043a\u0442\u043e\u0440 7_predicted", "\u0421\u043e\u043f\u0443\u0442\u0441\u0442\u0432\u0443\u044e\u0449\u0438\u0435 \u0437\u0430\u0431\u043e\u043b\u0435\u0432\u0430\u043d\u0438\u044f bin", "\u0424\u0438\u0437\u0438\u0447\u0435\u0441\u043a\u0438\u0439 \u0444\u0430\u043a\u0442\u043e\u0440 14_predicted"], "best_params_": {"n_estimators": 191, "min_samples_split": 4, "max_depth": 15}, "r2_test": 0.9444824219237171, "MAE_test": 1.2143755713454665}, "\u0412\u0410\u0428 14": {"r2": 0.8628843588035453, "features": ["\u0412\u0410\u0428 7_predicted", "\u041f\u0441\u0438\u0445\u043e\u043b\u043e\u0433\u0438\u0447\u0435\u0441\u043a\u0438\u0439 \u0444\u0430\u043a\u0442\u043e\u0440 14_predicted", "\u0411\u043e\u043b\u0435\u0432\u043e\u0439 \u0444\u0430\u043a\u0442\u043e\u0440 7_predicted"], "best_params_": {"n_estimators": 111, "min_samples_split": 4, "max_depth": 10}, "r2_test": 0.9416874014176297, "MAE_test": 0.9680535446160448}, "\u0411\u043e\u043b\u0435\u0432\u043e\u0439 \u0444\u0430\u043a\u0442\u043e\u0440 28": {"r2": 0.9249047290931335,